{
	"format_version": "1.8.0",
	"animations": {
		"animation.soul_arachnid.idle": {
			"loop": true,
			"animation_length": 4,
			"bones": {
				"head": {
					"position": {
						"0.0": {
							"vector": [0, 0, 0]
						},
						"1.75": {
							"vector": [0, -2, 0],
							"easing": "easeInQuart"
						},
						"4.0": {
							"vector": [0, 0, 0],
							"easing": "easeInQuart"
						}
					}
				},
				"body0": {
					"position": {
						"0.0": {
							"vector": [0, 0, 0]
						},
						"1.75": {
							"vector": [0, -2, 0],
							"easing": "easeInQuad"
						},
						"4.0": {
							"vector": [0, 0, 0],
							"easing": "easeInQuad"
						}
					}
				},
				"body1": {
					"position": {
						"0.0": {
							"vector": [0, 0, 0]
						},
						"1.75": {
							"vector": [0, -2, 0],
							"easing": "easeInQuad"
						},
						"4.0": {
							"vector": [0, 0, 0],
							"easing": "easeInQuad"
						}
					}
				},
				"leg0": {
					"rotation": {
						"0.0": {
							"vector": [-20.61737, -28.93057, 37.87289]
						},
						"1.75": {
							"vector": [-16.48457, -31.3213, 29.65098]
						},
						"4.0": {
							"vector": [-20.61737, -28.93057, 37.87289]
						}
					},
					"position": {
						"0.0": {
							"vector": [0, 0, 0]
						},
						"1.75": {
							"vector": [0, -2, 0]
						},
						"4.0": {
							"vector": [0, 0, 0]
						}
					}
				},
				"leg1": {
					"rotation": {
						"0.0": {
							"vector": [-20.61737, 28.93057, -37.87289]
						},
						"1.75": {
							"vector": [-16.48457, 31.3213, -29.65098]
						},
						"4.0": {
							"vector": [-20.61737, 28.93057, -37.87289]
						}
					},
					"position": {
						"0.0": {
							"vector": [0, 0, 0]
						},
						"1.75": {
							"vector": [0, -2, 0]
						},
						"4.0": {
							"vector": [0, 0, 0]
						}
					}
				},
				"leg2": {
					"rotation": {
						"0.0": {
							"vector": [-8.19252, -12.60837, 33.40659]
						},
						"1.75": {
							"vector": [-6.46066, -13.56626, 25.76926]
						},
						"4.0": {
							"vector": [-8.19252, -12.60837, 33.40659]
						}
					},
					"position": {
						"0.0": {
							"vector": [0, 0, 0]
						},
						"1.75": {
							"vector": [0, -2, 0]
						},
						"4.0": {
							"vector": [0, 0, 0]
						}
					}
				},
				"leg3": {
					"rotation": {
						"0.0": {
							"vector": [-8.19252, 12.60837, -33.40659]
						},
						"1.75": {
							"vector": [-6.46066, 13.56626, -25.76926]
						},
						"4.0": {
							"vector": [-8.19252, 12.60837, -33.40659]
						}
					},
					"position": {
						"0.0": {
							"vector": [0, 0, 0]
						},
						"1.75": {
							"vector": [0, -2, 0]
						},
						"4.0": {
							"vector": [0, 0, 0]
						}
					}
				},
				"leg4": {
					"rotation": {
						"0.0": {
							"vector": [8.19252, 12.60837, 33.40659]
						},
						"1.75": {
							"vector": [6.46066, 13.56626, 25.76926]
						},
						"4.0": {
							"vector": [8.19252, 12.60837, 33.40659]
						}
					},
					"position": {
						"0.0": {
							"vector": [0, 0, 0]
						},
						"1.75": {
							"vector": [0, -2, 0]
						},
						"4.0": {
							"vector": [0, 0, 0]
						}
					}
				},
				"leg5": {
					"rotation": {
						"0.0": {
							"vector": [8.19252, -12.60837, -33.40659]
						},
						"1.75": {
							"vector": [6.46066, -13.56626, -25.76926]
						},
						"4.0": {
							"vector": [8.19252, -12.60837, -33.40659]
						}
					},
					"position": {
						"0.0": {
							"vector": [0, 0, 0]
						},
						"1.75": {
							"vector": [0, -2, 0]
						},
						"4.0": {
							"vector": [0, 0, 0]
						}
					}
				},
				"leg6": {
					"rotation": {
						"0.0": {
							"vector": [20.61737, 28.93057, 37.87289]
						},
						"1.75": {
							"vector": [16.48457, 31.3213, 29.65098]
						},
						"4.0": {
							"vector": [20.61737, 28.93057, 37.87289]
						}
					},
					"position": {
						"0.0": {
							"vector": [0, 0, 0]
						},
						"1.75": {
							"vector": [0, -2, 0]
						},
						"4.0": {
							"vector": [0, 0, 0]
						}
					}
				},
				"leg7": {
					"rotation": {
						"0.0": {
							"vector": [20.61737, -28.93057, -37.87289]
						},
						"1.75": {
							"vector": [16.48457, -31.3213, -29.65098]
						},
						"4.0": {
							"vector": [20.61737, -28.93057, -37.87289]
						}
					},
					"position": {
						"0.0": {
							"vector": [0, 0, 0]
						},
						"1.75": {
							"vector": [0, -2, 0]
						},
						"4.0": {
							"vector": [0, 0, 0]
						}
					}
				}
			}
		},
		"animation.soul_arachnid.walk": {
			"loop": true,
			"animation_length": 4,
			"bones": {
				"head": {
					"position": {
						"0.0": {
							"vector": [0, 0, 0]
						},
						"1.75": {
							"vector": [0, -2, 0],
							"easing": "easeInQuart"
						},
						"4.0": {
							"vector": [0, 0, 0],
							"easing": "easeInQuart"
						}
					}
				},
				"body0": {
					"position": {
						"0.0": {
							"vector": [0, 0, 0]
						},
						"1.75": {
							"vector": [0, -2, 0],
							"easing": "easeInQuad"
						},
						"4.0": {
							"vector": [0, 0, 0],
							"easing": "easeInQuad"
						}
					}
				},
				"body1": {
					"position": {
						"0.0": {
							"vector": [0, 0, 0]
						},
						"1.75": {
							"vector": [0, -2, 0],
							"easing": "easeInQuad"
						},
						"4.0": {
							"vector": [0, 0, 0],
							"easing": "easeInQuad"
						}
					}
				},
				"leg0": {
					"rotation": {
						"0.0": {
							"vector": [-24.8305, -42.78727, 45.00657]
						},
						"0.25": {
							"vector": [-15.31063, -19.04692, 26.73458]
						},
						"0.5": {
							"vector": [-24.8305, -42.78727, 45.00657]
						},
						"0.75": {
							"vector": [-15.31063, -19.04692, 26.73458]
						},
						"1.0": {
							"vector": [-24.8305, -42.78727, 45.00657]
						},
						"1.25": {
							"vector": [-15.31063, -19.04692, 26.73458]
						},
						"1.5": {
							"vector": [-24.8305, -42.78727, 45.00657]
						},
						"1.75": {
							"vector": [-15.31063, -19.04692, 26.73458]
						},
						"2.0": {
							"vector": [-24.8305, -42.78727, 45.00657]
						},
						"2.25": {
							"vector": [-15.31063, -19.04692, 26.73458]
						},
						"2.5": {
							"vector": [-24.8305, -42.78727, 45.00657]
						},
						"2.75": {
							"vector": [-15.31063, -19.04692, 26.73458]
						},
						"3.0": {
							"vector": [-24.8305, -42.78727, 45.00657]
						},
						"3.25": {
							"vector": [-15.31063, -19.04692, 26.73458]
						},
						"3.5": {
							"vector": [-24.8305, -42.78727, 45.00657]
						},
						"3.75": {
							"vector": [-15.31063, -19.04692, 26.73458]
						},
						"4.0": {
							"vector": [-24.8305, -42.78727, 45.00657]
						}
					},
					"position": {
						"0.0": {
							"vector": [0, 0, 0]
						},
						"1.75": {
							"vector": [0, -2, 0]
						},
						"4.0": {
							"vector": [0, 0, 0]
						}
					}
				},
				"leg1": {
					"rotation": {
						"0.0": {
							"vector": [-24.8305, 42.78727, -45.00657]
						},
						"0.25": {
							"vector": [-15.31063, 19.04692, -26.73458]
						},
						"0.5": {
							"vector": [-24.8305, 42.78727, -45.00657]
						},
						"0.75": {
							"vector": [-15.31063, 19.04692, -26.73458]
						},
						"1.0": {
							"vector": [-24.8305, 42.78727, -45.00657]
						},
						"1.25": {
							"vector": [-15.31063, 19.04692, -26.73458]
						},
						"1.5": {
							"vector": [-24.8305, 42.78727, -45.00657]
						},
						"1.75": {
							"vector": [-15.31063, 19.04692, -26.73458]
						},
						"2.0": {
							"vector": [-24.8305, 42.78727, -45.00657]
						},
						"2.25": {
							"vector": [-15.31063, 19.04692, -26.73458]
						},
						"2.5": {
							"vector": [-24.8305, 42.78727, -45.00657]
						},
						"2.75": {
							"vector": [-15.31063, 19.04692, -26.73458]
						},
						"3.0": {
							"vector": [-24.8305, 42.78727, -45.00657]
						},
						"3.25": {
							"vector": [-15.31063, 19.04692, -26.73458]
						},